{"cameraMode":{"drawMode":0,"name":"Shaded","section":"Shading Mode"},"sceneLighting":true,"audioPlay":false,"sceneViewState":{"m_AlwaysRefresh":false,"showFog":true,"showSkybox":true,"showFlares":true,"showImageEffects":true,"showParticleSystems":true,"showVisualEffectGraphs":true,"m_FxEnabled":true},"in2DMode":false,"pivot":{"x":246.2707977294922,"y":0.7580370903015137,"z":53.64046096801758},"rotation":{"x":0.40833327174186709,"y":-0.5414368510246277,"z":0.33907678723335268,"w":0.6520254611968994},"size":1.5276564359664918,"orthographic":false}